,x,y,target
0,-10.644449234008789,-4.17258358001709,0.0
1,35.0633659362793,-30.036434173583984,0.0
2,32.279571533203125,-25.932966232299805,0.0
3,-39.837913513183594,4.740424633026123,0.0
4,-15.930671691894531,-2.0499370098114014,0.0
5,31.801158905029297,-29.5164852142334,0.0
6,-10.083305358886719,37.29254150390625,0.0
7,2.1763134002685547,-35.17647933959961,1.0
8,37.339054107666016,4.3450493812561035,0.0
9,-11.159699440002441,-9.882094383239746,0.0
10,-7.259442329406738,18.60050392150879,0.0
11,-42.575958251953125,-3.8455443382263184,0.0
12,30.084232330322266,-6.032266616821289,0.0
13,-39.64869689941406,7.30720853805542,0.0
14,0.7598097324371338,37.459197998046875,0.0
15,-40.74840545654297,6.804436206817627,0.0
16,-7.764747619628906,4.478714942932129,0.0
17,0.6900560855865479,1.6920342445373535,0.0
18,7.519901275634766,28.50263214111328,0.0
19,-17.979318618774414,14.219539642333984,0.0
20,-17.989656448364258,-9.481916427612305,0.0
21,36.47154235839844,-8.813462257385254,0.0
22,41.73807144165039,-8.468003273010254,0.0
23,41.521575927734375,-14.014047622680664,0.0
24,13.99024486541748,22.972299575805664,0.0
25,-43.322269439697266,-0.10149380564689636,0.0
26,42.289878845214844,3.3831963539123535,0.0
27,-0.28383612632751465,-40.6697998046875,1.0
28,-0.7405859231948853,10.50182056427002,0.0
29,7.140405654907227,17.379812240600586,0.0
30,-19.681774139404297,-2.836737632751465,0.0
31,10.454017639160156,23.782428741455078,0.0
32,-17.240724563598633,-10.614017486572266,0.0
33,44.2192268371582,2.228363037109375,0.0
34,4.400963306427002,23.685382843017578,0.0
35,34.390586853027344,3.314469337463379,0.0
36,-10.196402549743652,11.65410327911377,0.0
37,-3.3480143547058105,11.774169921875,0.0
38,3.0841176509857178,-35.523094177246094,1.0
39,32.52448272705078,-0.7588777542114258,0.0
40,-6.932634353637695,-7.009012222290039,0.0
41,0.9107881188392639,-0.240321084856987,0.0
42,37.736717224121094,-28.27924156188965,0.0
43,-8.453082084655762,22.63693618774414,0.0
44,-8.945770263671875,-8.284897804260254,0.0
45,-14.671285629272461,-2.107848644256592,0.0
46,39.19965744018555,-10.235167503356934,0.0
47,38.53672790527344,6.792422294616699,0.0
48,-44.74048614501953,-1.807339072227478,0.0
49,0.16634857654571533,28.64031219482422,0.0
50,-19.402029037475586,16.59264373779297,0.0
51,-21.387170791625977,-6.965145587921143,0.0
52,-12.009875297546387,-18.06984519958496,0.0
53,-5.292250156402588,-2.7472503185272217,0.0
54,0.9279255867004395,-40.76948165893555,1.0
55,-1.920105218887329,-40.4336051940918,1.0
56,-0.6097266674041748,15.82457447052002,0.0
57,-14.425127983093262,19.237693786621094,0.0
58,30.663131713867188,9.084872245788574,0.0
59,35.28005599975586,3.9866626262664795,0.0
60,35.500247955322266,-29.647958755493164,0.0
61,-5.767263889312744,-36.10840606689453,1.0
62,0.9987144470214844,-36.118988037109375,1.0
63,-2.6548571586608887,34.97538757324219,0.0
64,2.5726561546325684,-41.69061279296875,1.0
65,-37.82524871826172,5.835670471191406,0.0
66,-42.372737884521484,8.949917793273926,0.0
67,-11.514668464660645,28.922258377075195,0.0
68,0.22483515739440918,35.61575698852539,0.0
69,32.01801300048828,-8.617670059204102,0.0
70,7.265269756317139,15.152322769165039,0.0
71,44.8200569152832,-5.583639144897461,0.0
72,33.09577178955078,-31.93716049194336,0.0
73,4.491123199462891,18.862089157104492,0.0
74,32.85224914550781,-31.407249450683594,0.0
75,-42.486873626708984,5.747209072113037,0.0
76,31.586071014404297,-27.019895553588867,0.0
77,-1.080599308013916,26.72794532775879,0.0
78,-39.799808502197266,-3.3767848014831543,0.0
79,-35.413597106933594,-2.4976089000701904,0.0
80,-14.875436782836914,18.727497100830078,0.0
81,3.562734603881836,-39.65883255004883,1.0
82,41.4066162109375,-14.04107666015625,0.0
83,1.0437744855880737,15.346782684326172,0.0
84,9.926933288574219,13.132349967956543,0.0
85,-20.08180809020996,-6.2470502853393555,0.0
86,-2.0363783836364746,-1.605376958847046,0.0
87,-6.114073276519775,-9.527419090270996,0.0
88,37.73871994018555,-7.6250834465026855,0.0
89,-14.45218563079834,-0.3718152940273285,0.0
90,33.49920654296875,8.426679611206055,0.0
91,31.776874542236328,10.005053520202637,0.0
92,29.59586524963379,-10.608043670654297,0.0
93,-15.930679321289062,-2.049940586090088,0.0
94,44.76093292236328,-3.3752098083496094,0.0
95,-0.6484596133232117,20.597610473632812,0.0
96,-12.160072326660156,30.335134506225586,0.0
97,-0.20706585049629211,-36.37443923950195,1.0
98,-6.673509120941162,-3.2231273651123047,0.0
99,-44.05634307861328,0.4556899666786194,0.0
100,-1.8248543739318848,36.04342269897461,0.0
101,36.06943893432617,-7.450873851776123,0.0
102,5.336946964263916,-34.97013854980469,1.0
103,-10.219955444335938,11.248661041259766,0.0
104,-44.51554870605469,-3.231245279312134,0.0
105,11.101113319396973,16.06292152404785,0.0
106,4.274548530578613,16.276813507080078,0.0
107,28.983863830566406,-9.54360294342041,0.0
108,-5.250188827514648,8.730669021606445,0.0
109,2.2694201469421387,-40.16766357421875,1.0
110,11.554072380065918,24.139245986938477,0.0
111,-10.379146575927734,-7.213950157165527,0.0
112,32.78382873535156,11.342007637023926,0.0
113,31.198637008666992,-24.58108139038086,0.0
114,-8.602239608764648,25.275035858154297,0.0
115,13.434109687805176,22.315046310424805,0.0
116,-42.24547576904297,5.324944972991943,0.0
117,44.50249099731445,-5.991279602050781,0.0
118,-14.623326301574707,20.548248291015625,0.0
119,-3.3513450622558594,-39.21889877319336,1.0
120,-44.23104476928711,-0.6448692083358765,0.0
121,1.9273707866668701,-42.02452087402344,1.0
122,30.6746883392334,-11.538318634033203,0.0
123,0.37488049268722534,38.84565353393555,0.0
124,12.510602951049805,25.909561157226562,0.0
125,-22.10239601135254,-7.1583476066589355,0.0
126,-2.448538303375244,27.128795623779297,0.0
127,6.719836235046387,23.25497055053711,0.0
128,-2.4531569480895996,-40.8198127746582,1.0
129,1.7230744361877441,34.2518310546875,0.0
130,-2.9159343242645264,27.088544845581055,0.0
131,-11.340685844421387,2.1267035007476807,0.0
132,-14.14659309387207,24.38624382019043,0.0
133,41.96782302856445,-11.450961112976074,0.0
134,-2.433288097381592,17.622201919555664,0.0
135,-19.43911361694336,-4.365743637084961,0.0
136,-41.21610641479492,9.274746894836426,0.0
137,-7.462257385253906,35.48213195800781,0.0
138,-8.037109375,15.484143257141113,0.0
139,42.24400329589844,-2.9755115509033203,0.0
140,45.397804260253906,-6.281122207641602,0.0
141,0.8236451148986816,30.70046043395996,0.0
142,-21.585979461669922,10.677090644836426,0.0
143,-14.127452850341797,22.885616302490234,0.0
144,-5.117610931396484,-8.568035125732422,0.0
145,-17.777629852294922,-9.863371849060059,0.0
146,-40.958160400390625,-0.9011435508728027,0.0
147,-43.56761169433594,-2.3180654048919678,0.0
148,-18.76502227783203,21.2117862701416,0.0
149,-8.622930526733398,34.11809158325195,0.0
150,-6.16282844543457,-5.710559368133545,0.0
151,2.9413058757781982,17.670621871948242,0.0
152,-42.339683532714844,-2.0363552570343018,0.0
153,3.5837314128875732,-40.19961929321289,1.0
154,-3.850480794906616,40.53775405883789,0.0
155,-4.201640605926514,24.13690757751465,0.0
156,38.989784240722656,-12.95004653930664,0.0
157,11.740742683410645,17.10409164428711,0.0
158,33.93586349487305,5.45979642868042,0.0
159,-44.984169006347656,2.1394941806793213,0.0
160,8.44444751739502,13.939825057983398,0.0
161,33.63551330566406,-3.721665620803833,0.0
162,28.948545455932617,-0.9388701915740967,0.0
163,2.5089893341064453,13.833860397338867,0.0
164,-8.121417999267578,22.566118240356445,0.0
165,-4.887997150421143,37.00467300415039,0.0
166,-42.719627380371094,5.69767427444458,0.0
167,44.32619094848633,-1.4021254777908325,0.0
168,-7.338760852813721,15.055371284484863,0.0
169,12.27403450012207,14.845459938049316,0.0
170,38.281959533691406,1.6000287532806396,0.0
171,3.8676106929779053,35.54127502441406,0.0
172,-5.843080043792725,36.87043762207031,0.0
173,7.194809436798096,19.802671432495117,0.0
174,35.4743537902832,3.131941556930542,0.0
175,2.8560688495635986,-34.471961975097656,1.0
176,32.71462631225586,-23.382814407348633,0.0
177,39.102596282958984,2.7369401454925537,0.0
178,8.825520515441895,16.33710289001465,0.0
179,3.55193829536438,33.920711517333984,0.0
180,-1.9752507209777832,37.639705657958984,0.0
181,35.24150466918945,-28.877853393554688,0.0
182,-40.74946212768555,8.82961654663086,0.0
183,-7.771691799163818,23.842880249023438,0.0
184,-8.382527351379395,14.562767028808594,0.0
185,-0.13084489107131958,12.874738693237305,0.0
186,-19.36848258972168,14.2568941116333,0.0
187,-46.286251068115234,-4.7547926902771,0.0
188,-19.311555862426758,-14.77403736114502,0.0
189,6.874391555786133,27.14897918701172,0.0
190,-5.859072208404541,-6.4888434410095215,0.0
191,-5.292233943939209,-2.7472503185272217,0.0
192,9.978606224060059,14.71448040008545,0.0
193,2.016944169998169,-35.96814727783203,1.0
194,35.85047149658203,3.78600811958313,0.0
195,32.190738677978516,0.9375821948051453,0.0
196,44.316314697265625,4.033806800842285,0.0
197,-14.825275421142578,-19.015596389770508,0.0
198,38.49977493286133,5.428187370300293,0.0
199,-17.751222610473633,-18.179323196411133,0.0
200,-18.984582901000977,-18.130903244018555,0.0
201,3.022913932800293,19.784738540649414,0.0
202,-3.1456124782562256,-0.3599361479282379,0.0
203,-11.684966087341309,-17.826208114624023,0.0
204,-7.777524948120117,13.205674171447754,0.0
205,-2.15388560295105,4.2519612312316895,0.0
206,39.28656768798828,-10.139962196350098,0.0
207,6.442526340484619,28.554096221923828,0.0
208,39.41571807861328,0.2207089066505432,0.0
209,-12.051733016967773,-19.80112075805664,0.0
210,4.804612636566162,30.750669479370117,0.0
211,-3.178614616394043,-8.406980514526367,0.0
212,-16.98011589050293,-8.55915355682373,0.0
213,-2.1736598014831543,26.386192321777344,0.0
214,34.8411750793457,-11.349883079528809,0.0
215,-45.27555465698242,-4.1926679611206055,0.0
216,39.86968994140625,-14.486224174499512,0.0
217,-9.349915504455566,-30.74443817138672,1.0
218,-15.643548965454102,18.32172966003418,0.0
219,-7.952801704406738,19.546098709106445,0.0
220,1.677321434020996,-41.21901321411133,1.0
221,40.145381927490234,-14.207545280456543,0.0
222,-3.32542085647583,21.611797332763672,0.0
223,-8.297149658203125,-17.802202224731445,0.0
224,-8.482766151428223,28.74168586730957,0.0
225,-3.5261974334716797,22.723220825195312,0.0
226,-17.5042724609375,-13.710758209228516,0.0
227,-12.892705917358398,-10.681872367858887,0.0
228,-0.009887121617794037,28.74526023864746,0.0
229,-11.431235313415527,17.423770904541016,0.0
230,-1.8029295206069946,29.72794532775879,0.0
231,-1.5809352397918701,-37.26811599731445,1.0
232,-0.21671195328235626,-41.037017822265625,1.0
233,-16.285154342651367,22.832393646240234,0.0
234,-16.75143051147461,20.43754005432129,0.0
235,-46.10282516479492,-4.114258766174316,0.0
236,-12.975240707397461,-20.388639450073242,0.0
237,33.71392822265625,-8.747577667236328,0.0
238,33.53479766845703,-27.46466064453125,0.0
239,-2.484795093536377,11.463447570800781,0.0
240,36.73085403442383,-28.592002868652344,0.0
241,-12.412779808044434,-27.73755645751953,0.0
242,-17.414318084716797,-8.279288291931152,0.0
243,10.414166450500488,16.713275909423828,0.0
244,-0.20985618233680725,39.072811126708984,0.0
245,-12.464489936828613,-18.556718826293945,0.0
246,31.636844635009766,8.497305870056152,0.0
247,-18.50580406188965,21.14856719970703,0.0
248,-10.186206817626953,-9.223774909973145,0.0
249,1.5285719633102417,-40.40132522583008,1.0
250,-10.672572135925293,27.372133255004883,0.0
251,-6.469409942626953,27.51100730895996,0.0
252,-19.043807983398438,0.6475481986999512,0.0
253,32.257694244384766,-30.539918899536133,0.0
254,30.985755920410156,-10.031269073486328,0.0
255,-12.515936851501465,18.963363647460938,0.0
256,35.52169418334961,-25.63147735595703,0.0
257,38.92393112182617,-13.365196228027344,0.0
258,11.129525184631348,17.152572631835938,0.0
259,-12.416159629821777,-16.933069229125977,0.0
260,29.964075088500977,8.3084716796875,0.0
261,-39.42220687866211,5.7044196128845215,0.0
262,-4.011966705322266,40.30597686767578,0.0
263,46.00865936279297,-12.81466293334961,0.0
264,-39.44675827026367,-0.5565706491470337,0.0
265,35.46855545043945,-6.658016681671143,0.0
266,30.461610794067383,-9.071605682373047,0.0
267,-44.51451110839844,-4.435502052307129,0.0
268,-2.5812690258026123,23.416257858276367,0.0
269,-10.270906448364258,-6.69171667098999,0.0
270,-46.892860412597656,-3.9323558807373047,0.0
271,-7.66221809387207,0.891493022441864,0.0
272,45.00374221801758,-11.730759620666504,0.0
273,-0.23134499788284302,-42.461463928222656,1.0
274,-0.2979646325111389,11.98505687713623,0.0
275,36.11064910888672,-4.849766254425049,0.0
276,-7.461581707000732,18.681568145751953,0.0
277,-45.13640213012695,-2.5905816555023193,0.0
278,-40.28441619873047,-0.300210565328598,0.0
279,-17.071535110473633,-19.551000595092773,0.0
280,-5.2039384841918945,-5.68308162689209,0.0
281,-13.11005973815918,14.44947624206543,0.0
282,35.45309829711914,5.918291091918945,0.0
283,-1.0303705930709839,-0.5408426523208618,0.0
284,-16.518646240234375,15.421183586120605,0.0
285,-11.032096862792969,-28.522886276245117,0.0
286,-18.573745727539062,-13.829610824584961,0.0
287,-9.001495361328125,35.50590515136719,0.0
288,-2.0010671615600586,-4.565799713134766,0.0
289,-18.37470245361328,13.989652633666992,0.0
290,47.95317840576172,-6.644558906555176,0.0
291,-16.921628952026367,-18.622705459594727,0.0
292,-1.2474724054336548,27.20003318786621,0.0
293,-47.190093994140625,-3.1686110496520996,0.0
294,-1.9536510705947876,-33.48166275024414,1.0
295,35.52055358886719,-5.0957722663879395,0.0
296,46.488948822021484,-11.053179740905762,0.0
297,-22.77256965637207,11.753304481506348,0.0
298,-7.267107963562012,29.9215087890625,0.0
299,-12.759491920471191,-11.354207038879395,0.0
300,34.194908142089844,-4.362916469573975,0.0
301,-9.352914810180664,-16.500349044799805,0.0
302,-13.293354034423828,22.357666015625,0.0
303,-6.937438488006592,0.5035892724990845,0.0
304,40.86915969848633,-9.208189964294434,0.0
305,-11.701347351074219,1.9424234628677368,0.0
306,37.82588195800781,-3.344111204147339,0.0
307,-37.094295501708984,0.14621244370937347,0.0
308,-13.379913330078125,24.824113845825195,0.0
309,-21.48383331298828,-7.790048122406006,0.0
310,-40.69669723510742,4.736840724945068,0.0
311,-21.45222282409668,13.576750755310059,0.0
312,-3.5367560386657715,33.83034896850586,0.0
313,37.760929107666016,-13.373814582824707,0.0
314,32.151119232177734,-7.941612243652344,0.0
315,-12.136346817016602,14.991963386535645,0.0
316,36.11361312866211,-27.511423110961914,0.0
317,-2.1936452388763428,-1.9900709390640259,0.0
318,-21.665794372558594,14.993413925170898,0.0
319,43.08479690551758,-10.380366325378418,0.0
320,-19.13263702392578,-10.367431640625,0.0
321,33.858482360839844,-25.41687774658203,0.0
322,-14.246017456054688,12.667301177978516,0.0
323,31.932167053222656,8.081214904785156,0.0
324,-1.3724111318588257,-1.3153120279312134,0.0
325,-2.384140729904175,0.1394864171743393,0.0
326,29.8546199798584,8.379339218139648,0.0
327,-12.362791061401367,-20.032371520996094,0.0
328,-1.6889885663986206,14.227412223815918,0.0
329,-17.554563522338867,-19.110185623168945,0.0
330,-21.660642623901367,11.40365219116211,0.0
331,-0.913311243057251,-41.96183776855469,1.0
332,-6.181862831115723,9.10458755493164,0.0
333,-42.29180908203125,4.1154093742370605,0.0
334,38.00419235229492,-6.046044826507568,0.0
335,41.00011444091797,-3.417262077331543,0.0
336,9.14663028717041,20.421157836914062,0.0
337,-3.3894999027252197,18.313220977783203,0.0
338,-12.253793716430664,-13.713505744934082,0.0
339,4.487837314605713,-36.15995407104492,1.0
340,4.097535610198975,30.012781143188477,0.0
341,-9.94212818145752,-17.60405731201172,0.0
342,35.61481857299805,-31.26121711730957,0.0
343,-2.880108118057251,37.18553161621094,0.0
344,-20.003990173339844,2.186746835708618,0.0
345,35.356231689453125,4.9728827476501465,0.0
346,45.78839874267578,-13.814330101013184,0.0
347,32.74109649658203,10.921345710754395,0.0
348,0.2648468315601349,25.869287490844727,0.0
349,35.473480224609375,-26.568119049072266,0.0
350,1.002221941947937,27.9223690032959,0.0
351,-2.246201276779175,-37.410892486572266,1.0
352,-41.63728713989258,9.73714828491211,0.0
353,-36.79665756225586,1.1653506755828857,0.0
354,36.790740966796875,-12.210226058959961,0.0
355,-43.603370666503906,0.7786139249801636,0.0
356,-0.42330893874168396,-42.59830093383789,1.0
357,-12.98924732208252,24.582632064819336,0.0
358,42.15181350708008,-0.5407254695892334,0.0
359,10.197343826293945,21.08820152282715,0.0
360,32.30239486694336,-21.42930793762207,0.0
361,-22.239765167236328,13.513148307800293,0.0
362,10.066940307617188,23.28395652770996,0.0
363,5.819172382354736,-41.063846588134766,1.0
364,-4.811239242553711,38.19938659667969,0.0
365,-0.2956483066082001,-35.508514404296875,1.0
366,-20.367015838623047,-1.3102574348449707,0.0
367,40.323970794677734,-0.529784619808197,0.0
368,38.86753845214844,-0.33454030752182007,0.0
369,-12.603182792663574,-28.013853073120117,0.0
370,30.66912841796875,8.924139022827148,0.0
371,-2.8108885288238525,26.556522369384766,0.0
372,-15.564838409423828,19.60118293762207,0.0
373,40.11211013793945,-7.778347492218018,0.0
374,-1.8204954862594604,-7.8905348777771,0.0
375,-23.4726619720459,14.780679702758789,0.0
376,-7.551961421966553,22.138803482055664,0.0
377,-20.981016159057617,-7.53828763961792,0.0
378,-1.2811315059661865,18.53567123413086,0.0
379,-40.19915008544922,7.102819919586182,0.0
380,-4.778796195983887,-4.847095966339111,0.0
381,-13.928866386413574,31.238515853881836,0.0
382,-16.50603485107422,-8.828598976135254,0.0
383,-11.734843254089355,-20.69222068786621,0.0
384,-10.909971237182617,-0.23112879693508148,0.0
385,-38.257789611816406,4.857918739318848,0.0
386,10.625040054321289,22.9383487701416,0.0
387,-10.67251968383789,27.37226676940918,0.0
388,36.72661590576172,2.306325912475586,0.0
389,0.8542124032974243,39.07735061645508,0.0
390,42.76825714111328,4.274309158325195,0.0
391,34.933494567871094,-13.472198486328125,0.0
392,-3.2230093479156494,-38.37736511230469,1.0
393,36.79480743408203,-12.4886474609375,0.0
394,-14.705615043640137,23.215024948120117,0.0
395,28.3867244720459,-8.7562255859375,0.0
396,33.36811065673828,9.127395629882812,0.0
397,-5.6570353507995605,36.740257263183594,0.0
398,-18.819324493408203,-10.953401565551758,0.0
399,-41.29429244995117,-0.31005004048347473,0.0
400,-2.5559000968933105,-8.02939224243164,0.0
401,34.61286163330078,-32.33711624145508,0.0
402,-7.033541202545166,21.74970245361328,0.0
403,-45.72416305541992,-2.2505013942718506,0.0
404,-3.354837417602539,-6.246088027954102,0.0
405,43.56892013549805,3.490867853164673,0.0
406,34.38257598876953,2.2101528644561768,0.0
407,-2.7033913135528564,-33.82437515258789,1.0
408,-9.093250274658203,13.594476699829102,0.0
409,9.780818939208984,18.504220962524414,0.0
410,-2.5814144611358643,-5.5750017166137695,0.0
411,44.95824432373047,-3.166417121887207,0.0
412,-0.5061325430870056,32.46527099609375,0.0
413,-11.759404182434082,-18.36725425720215,0.0
414,-12.417661666870117,30.389944076538086,0.0
415,-18.79283905029297,-13.055276870727539,0.0
416,-17.84467887878418,2.2627830505371094,0.0
417,-13.69563102722168,22.574783325195312,0.0
418,30.858335494995117,-7.307402610778809,0.0
419,-13.162383079528809,28.069231033325195,0.0
420,36.974605560302734,-13.233892440795898,0.0
421,-0.4699552059173584,12.505754470825195,0.0
422,39.34957504272461,-5.802002906799316,0.0
423,6.871724605560303,23.155488967895508,0.0
424,4.721523761749268,24.798246383666992,0.0
425,-0.9926112294197083,36.55830001831055,0.0
426,38.67352294921875,-5.472723960876465,0.0
427,-21.63368034362793,16.16815948486328,0.0
428,32.18100357055664,-29.07263946533203,0.0
429,-18.51198959350586,-13.517853736877441,0.0
430,-8.877493858337402,-5.569170951843262,0.0
431,3.338887929916382,-37.059383392333984,1.0
432,-46.81409454345703,-1.3007779121398926,0.0
433,-7.762936115264893,-3.490773916244507,0.0
434,-3.6837563514709473,-38.57942199707031,1.0
435,-18.727949142456055,-3.973741292953491,0.0
436,-12.629093170166016,13.073676109313965,0.0
437,-0.05801885202527046,37.37191390991211,0.0
438,41.54591751098633,-7.544497966766357,0.0
439,-9.500563621520996,-6.279255390167236,0.0
440,47.620113372802734,-4.1273322105407715,0.0
441,-13.556217193603516,-10.135540008544922,0.0
442,38.27082061767578,-8.958710670471191,0.0
443,35.44668960571289,0.6742674112319946,0.0
444,-7.66132116317749,0.2737249732017517,0.0
445,-0.35210853815078735,32.67369079589844,0.0
446,46.45033264160156,-11.175092697143555,0.0
447,31.757152557373047,-21.975627899169922,0.0
448,-16.772151947021484,21.218517303466797,0.0
449,37.579158782958984,6.174070358276367,0.0
450,-21.44010353088379,11.296398162841797,0.0
451,-13.154829025268555,-8.740287780761719,0.0
452,13.191575050354004,22.885435104370117,0.0
453,30.479202270507812,-4.442576885223389,0.0
454,34.867977142333984,-24.079917907714844,0.0
455,34.6136589050293,-32.673954010009766,0.0
456,-3.6780219078063965,-35.948890686035156,1.0
457,-3.764674663543701,-4.056198596954346,0.0
458,-10.092996597290039,7.604281902313232,0.0
459,-43.28317642211914,-4.072088718414307,0.0
460,33.64544677734375,11.397882461547852,0.0
461,41.4857063293457,-12.074485778808594,0.0
462,-19.49721908569336,-17.72229766845703,0.0
463,31.249479293823242,-28.620357513427734,0.0
464,-19.749902725219727,0.31870144605636597,0.0
465,-44.38401412963867,-1.7762396335601807,0.0
466,44.09617233276367,-9.11783218383789,0.0
467,2.507254123687744,13.288398742675781,0.0
468,-38.44772720336914,8.400970458984375,0.0
469,1.76630699634552,20.29154396057129,0.0
470,46.385581970214844,-1.5103753805160522,0.0
471,32.603904724121094,5.848877429962158,0.0
472,-17.55428123474121,-19.10969352722168,0.0
473,34.41707229614258,-21.28481674194336,0.0
474,-0.08080039918422699,35.69615936279297,0.0
475,-0.5051197409629822,34.22865676879883,0.0
476,0.2201465368270874,37.34999084472656,0.0
477,34.52560043334961,-13.03830337524414,0.0
478,34.23541259765625,-30.93332862854004,0.0
479,34.78776931762695,-30.525259017944336,0.0
480,5.663967132568359,29.40605354309082,0.0
481,-6.514939308166504,-9.59713077545166,0.0
482,46.21144104003906,-7.487537860870361,0.0
483,44.08139419555664,-7.570108413696289,0.0
484,-8.362829208374023,-11.781963348388672,0.0
485,31.91307258605957,10.962782859802246,0.0
486,-2.0437583923339844,29.765230178833008,0.0
487,-12.94477653503418,-18.67325782775879,0.0
488,45.54240798950195,-0.19698816537857056,0.0
489,-16.30147933959961,15.782477378845215,0.0
490,-6.562959671020508,25.689966201782227,0.0
491,-6.770270824432373,-0.02617799863219261,0.0
492,0.8148472309112549,12.571625709533691,0.0
493,34.91845703125,-11.15356159210205,0.0
494,-10.658595085144043,19.278522491455078,0.0
495,44.4362678527832,-2.206883668899536,0.0
496,-10.710741996765137,-20.06466293334961,0.0
497,-11.671198844909668,-29.236759185791016,0.0
498,27.696470260620117,-11.100860595703125,0.0
499,28.740182876586914,-1.234743356704712,0.0
500,-19.028949737548828,-10.59753704071045,0.0
501,-7.2144904136657715,-7.362298011779785,0.0
502,31.21278190612793,-5.392751216888428,0.0
503,-10.270066261291504,24.24040985107422,0.0
504,2.300090789794922,33.96867370605469,0.0
505,30.568771362304688,-5.445736885070801,0.0
506,44.166324615478516,-8.384785652160645,0.0
507,-4.985795497894287,8.709860801696777,0.0
508,29.498645782470703,-0.17647729814052582,0.0
509,-46.69499969482422,-2.337160110473633,0.0
510,8.969472885131836,16.992040634155273,0.0
511,-12.243247032165527,14.00391674041748,0.0
512,-2.163893938064575,3.198493719100952,0.0
513,-23.22045135498047,10.737571716308594,0.0
514,-6.796403884887695,-10.109365463256836,0.0
515,-7.213498115539551,5.687075614929199,0.0
516,31.13739013671875,-10.088027000427246,0.0
517,-37.650901794433594,0.202070951461792,0.0
518,-16.18438720703125,-16.167972564697266,0.0
519,-19.291940689086914,21.632524490356445,0.0
520,-8.213769912719727,-8.135686874389648,0.0
521,-7.178552150726318,-10.003460884094238,0.0
522,45.437007904052734,-4.345324993133545,0.0
523,2.6769683361053467,18.002927780151367,0.0
524,0.6108301281929016,25.187971115112305,0.0
525,2.214873790740967,30.55778694152832,0.0
526,-22.96294403076172,9.98106575012207,0.0
527,-8.089293479919434,-16.744779586791992,0.0
528,-12.283218383789062,-7.7115864753723145,0.0
529,-10.068048477172852,19.041213989257812,0.0
530,5.534538269042969,-41.0612907409668,1.0
531,-2.433238983154297,17.622217178344727,0.0
532,38.821739196777344,0.16907694935798645,0.0
533,43.841251373291016,-0.6818218231201172,0.0
534,-46.38523483276367,-0.9547790884971619,0.0
535,-13.111507415771484,-29.271209716796875,0.0
536,-13.156295776367188,23.344470977783203,0.0
537,-6.556718349456787,18.8990421295166,0.0
538,34.275081634521484,4.27927827835083,0.0
539,10.653475761413574,16.230390548706055,0.0
540,34.69279098510742,-27.356586456298828,0.0
541,38.369930267333984,1.7295204401016235,0.0
542,-13.002196311950684,12.431780815124512,0.0
543,-19.156574249267578,-5.298093795776367,0.0
544,32.33488845825195,-24.06488609313965,0.0
545,46.027034759521484,-13.283419609069824,0.0
546,-0.726465106010437,-36.15068817138672,1.0
547,-9.822296142578125,-4.814546585083008,0.0
548,-14.926737785339355,23.635618209838867,0.0
549,-3.916741132736206,-4.8323893547058105,0.0
550,41.82035446166992,-3.612276554107666,0.0
551,9.63537883758545,17.49891471862793,0.0
552,2.185180902481079,39.39973449707031,0.0
553,-4.880340099334717,2.579136371612549,0.0
554,-3.6434075832366943,22.391868591308594,0.0
555,-10.073664665222168,13.99682331085205,0.0
556,-36.63469696044922,1.4009065628051758,0.0
557,-1.0574414730072021,21.143619537353516,0.0
558,4.645500183105469,16.213441848754883,0.0
559,33.33647537231445,-31.970115661621094,0.0
560,-40.665733337402344,-2.4602978229522705,0.0
561,-38.28867721557617,6.660774230957031,0.0
562,34.50326156616211,-8.33675479888916,0.0
563,-5.640916347503662,32.340641021728516,0.0
564,-18.886476516723633,-13.447940826416016,0.0
565,-19.108116149902344,-2.5050251483917236,0.0
566,-13.90420150756836,-19.927101135253906,0.0
567,34.08115768432617,-8.02667236328125,0.0
568,-0.8597990274429321,29.873838424682617,0.0
569,33.476409912109375,-3.144080877304077,0.0
570,-4.408491611480713,-8.347793579101562,0.0
571,-6.219766139984131,27.907241821289062,0.0
572,-16.393199920654297,20.350141525268555,0.0
573,43.59956359863281,3.781186103820801,0.0
574,-19.125782012939453,17.070234298706055,0.0
575,-7.626093864440918,-10.310894966125488,0.0
576,-5.218051910400391,-33.98426055908203,1.0
577,-16.29569435119629,-19.049449920654297,0.0
578,32.23482131958008,-9.724739074707031,0.0
579,-15.420628547668457,-17.017423629760742,0.0
580,11.886724472045898,12.577086448669434,0.0
581,-19.224014282226562,17.269662857055664,0.0
582,-22.018428802490234,13.902746200561523,0.0
583,32.831546783447266,-26.50011444091797,0.0
584,2.4229602813720703,-39.435508728027344,1.0
585,-9.227530479431152,34.990074157714844,0.0
586,0.8069937825202942,11.394277572631836,0.0
587,-4.972217082977295,4.888270854949951,0.0
588,-15.08591079711914,-1.5424433946609497,0.0
589,-9.103560447692871,-30.89085578918457,1.0
590,-1.6929512023925781,37.88862609863281,0.0
591,35.169822692871094,6.028677463531494,0.0
592,-9.803412437438965,11.653432846069336,0.0
593,35.72700500488281,-4.134005546569824,0.0
594,32.38563919067383,9.10360050201416,0.0
595,-4.801948547363281,35.63827896118164,0.0
596,-14.372077941894531,10.335006713867188,0.0
597,0.7324513792991638,-36.874351501464844,1.0
598,33.335044860839844,-21.307336807250977,0.0
599,35.883827209472656,-4.4965362548828125,0.0
600,-10.780348777770996,24.677932739257812,0.0
601,-42.339683532714844,-2.0363552570343018,0.0
602,33.852176666259766,9.231952667236328,0.0
603,36.16862869262695,4.839588642120361,0.0
604,-43.6885871887207,-0.43646085262298584,0.0
605,-21.14061164855957,-7.86726713180542,0.0
606,43.261356353759766,-1.624679446220398,0.0
607,40.977333068847656,-2.4983537197113037,0.0
608,-7.615205764770508,29.420957565307617,0.0
609,-5.0556817054748535,-5.382706642150879,0.0
610,12.110074996948242,25.354589462280273,0.0
611,-9.395233154296875,-30.693178176879883,1.0
612,3.7635998725891113,29.050012588500977,0.0
613,-8.382418632507324,14.5631742477417,0.0
614,-18.845428466796875,-5.898755073547363,0.0
615,-39.462928771972656,0.03748266398906708,0.0
616,3.8908660411834717,18.564876556396484,0.0
617,-39.1829948425293,4.099404335021973,0.0
618,-10.157401084899902,7.505932331085205,0.0
619,-13.943294525146484,31.245664596557617,0.0
620,-2.1978230476379395,22.071205139160156,0.0
621,-19.248058319091797,-4.595554351806641,0.0
622,1.881683349609375,-33.83154296875,1.0
623,-1.3136221170425415,20.597002029418945,0.0
624,-12.16415023803711,-7.520500659942627,0.0
625,-21.059616088867188,14.486105918884277,0.0
626,-23.226057052612305,11.666159629821777,0.0
627,31.208738327026367,-28.49190902709961,0.0
628,0.48613235354423523,34.647605895996094,0.0
629,2.564206600189209,-40.73883056640625,1.0
630,47.66715621948242,-6.838376998901367,0.0
631,40.5789680480957,2.1076040267944336,0.0
632,12.731673240661621,21.998931884765625,0.0
633,-38.224456787109375,6.13476037979126,0.0
634,1.4456546306610107,22.19536781311035,0.0
635,31.88905906677246,7.948103904724121,0.0
636,-12.135293960571289,-27.803333282470703,0.0
637,-12.761664390563965,15.24194622039795,0.0
638,41.936729431152344,2.7387466430664062,0.0
639,36.617095947265625,-29.428953170776367,0.0
640,-12.160123825073242,-10.09335994720459,0.0
641,-5.94212532043457,-7.376518726348877,0.0
642,-14.597772598266602,21.067670822143555,0.0
643,-3.329684257507324,-35.341941833496094,1.0
644,11.337569236755371,25.87497901916504,0.0
645,-13.552816390991211,-7.90083646774292,0.0
646,46.36973190307617,-7.996793270111084,0.0
647,44.259910583496094,3.288064479827881,0.0
648,-35.41349792480469,-2.497598648071289,0.0
649,-2.395223379135132,-7.587640285491943,0.0
650,39.81219482421875,-9.727293014526367,0.0
651,-8.83448314666748,28.966346740722656,0.0
652,36.849456787109375,7.741154193878174,0.0
653,-1.3489117622375488,28.467416763305664,0.0
654,-36.35739517211914,2.4062721729278564,0.0
655,33.63367462158203,-9.385809898376465,0.0
656,-17.850200653076172,21.829654693603516,0.0
657,-5.611109256744385,-35.98207092285156,1.0
658,32.169708251953125,0.6914395093917847,0.0
659,8.344646453857422,20.46000862121582,0.0
660,-18.600284576416016,0.8312634229660034,0.0
661,42.33234786987305,-10.986169815063477,0.0
662,-13.683404922485352,26.988019943237305,0.0
663,-36.42805480957031,4.590945720672607,0.0
664,-4.7883501052856445,23.57147216796875,0.0
665,0.060535792261362076,-35.24769973754883,1.0
666,-2.872187852859497,21.23552703857422,0.0
667,3.5543179512023926,-41.6596794128418,1.0
668,-41.72822570800781,-0.901875376701355,0.0
669,34.69454574584961,1.431050181388855,0.0
670,44.63285827636719,-0.5330173969268799,0.0
671,0.9750658273696899,15.958795547485352,0.0
672,-14.039644241333008,-20.301023483276367,0.0
673,0.7651691436767578,30.7005615234375,0.0
674,-19.29184341430664,21.632719039916992,0.0
675,-41.97627258300781,-3.6943271160125732,0.0
676,-12.814476013183594,-20.735530853271484,0.0
677,44.322227478027344,-4.055046558380127,0.0
678,33.049278259277344,-21.623632431030273,0.0
679,-20.592256546020508,-7.778445243835449,0.0
680,4.346309661865234,-36.13801574707031,1.0
681,-12.70688247680664,-5.8054890632629395,0.0
682,8.242650032043457,21.82489776611328,0.0
683,-42.761539459228516,-0.48315757513046265,0.0
684,-18.877971649169922,12.120295524597168,0.0
685,3.1871466636657715,-34.09030532836914,1.0
686,44.09231948852539,-9.486712455749512,0.0
687,43.351924896240234,2.532315492630005,0.0
688,-1.0273208618164062,25.370637893676758,0.0
689,-0.30692926049232483,1.1378697156906128,0.0
690,41.83854675292969,-8.529719352722168,0.0
691,37.766387939453125,-3.883639335632324,0.0
692,-40.52912521362305,-0.541512131690979,0.0
693,34.737632751464844,-29.70970916748047,0.0
694,43.44784927368164,-10.071725845336914,0.0
695,-13.130681991577148,-17.96018409729004,0.0
696,-15.030271530151367,18.160594940185547,0.0
697,-10.749767303466797,-6.0538835525512695,0.0
698,-40.57990646362305,-1.4174926280975342,0.0
699,13.121875762939453,24.00558090209961,0.0
700,10.169429779052734,16.196773529052734,0.0
701,0.6794634461402893,16.857072830200195,0.0
702,40.38389587402344,4.6851654052734375,0.0
703,42.14956283569336,-2.4222030639648438,0.0
704,-13.378119468688965,27.037630081176758,0.0
705,-41.742557525634766,3.21333384513855,0.0
706,29.890695571899414,-5.197005271911621,0.0
707,34.297332763671875,-25.9316463470459,0.0
708,32.69052505493164,-25.36090660095215,0.0
709,-5.747093200683594,-5.374978542327881,0.0
710,-3.149402379989624,27.934215545654297,0.0
711,7.596462249755859,17.275161743164062,0.0
712,3.4226629734039307,-37.17599868774414,1.0
713,32.12504577636719,-7.261007785797119,0.0
714,-0.46696752309799194,-0.3807808458805084,0.0
715,-6.663112640380859,18.26708221435547,0.0
716,40.30350875854492,-4.518957138061523,0.0
717,43.93589782714844,5.155287742614746,0.0
718,-19.524858474731445,12.345829010009766,0.0
719,-13.101104736328125,15.600396156311035,0.0
720,-12.977996826171875,30.090898513793945,0.0
721,9.67149543762207,22.33953857421875,0.0
722,6.3470458984375,27.049468994140625,0.0
723,-3.5157322883605957,-36.337223052978516,1.0
724,41.59014892578125,-1.5774110555648804,0.0
725,0.9726904034614563,13.78618335723877,0.0
726,33.352027893066406,-26.232736587524414,0.0
727,35.49473190307617,-12.266921043395996,0.0
728,-18.308961868286133,-2.311835527420044,0.0
729,11.571463584899902,12.860309600830078,0.0
730,-7.897090435028076,-4.326304912567139,0.0
731,-7.77953577041626,14.454228401184082,0.0
732,3.9999356269836426,29.139774322509766,0.0
733,44.07704162597656,0.8820378184318542,0.0
734,-14.447959899902344,10.537410736083984,0.0
735,-2.210310935974121,14.647262573242188,0.0
736,-19.704832077026367,-14.583626747131348,0.0
737,-13.049808502197266,26.570493698120117,0.0
738,47.57899475097656,-8.04548454284668,0.0
739,10.98198127746582,13.38948917388916,0.0
740,-2.489591598510742,38.28632736206055,0.0
741,1.8370201587677002,18.78803253173828,0.0
742,0.8306431174278259,17.536346435546875,0.0
743,35.93624496459961,3.9050402641296387,0.0
744,44.14274215698242,0.2892608642578125,0.0
745,-17.426719665527344,13.961501121520996,0.0
746,-11.167861938476562,-19.956172943115234,0.0
747,-17.502878189086914,21.654062271118164,0.0
748,-11.316306114196777,-6.538397312164307,0.0
749,-1.5970627069473267,30.547670364379883,0.0
750,-1.6326103210449219,-35.73186492919922,1.0
751,6.2504377365112305,17.488176345825195,0.0
752,-15.019877433776855,9.940924644470215,0.0
753,-2.633420467376709,34.363380432128906,0.0
754,33.461788177490234,-23.893596649169922,0.0
755,-13.877018928527832,12.772684097290039,0.0
756,29.650114059448242,-10.443669319152832,0.0
757,44.317291259765625,-4.869084358215332,0.0
758,-6.939302921295166,-6.081684112548828,0.0
759,43.3499641418457,-8.963826179504395,0.0
760,4.052718639373779,-41.3067512512207,1.0
761,32.456363677978516,-0.4588070809841156,0.0
762,-8.867640495300293,23.431232452392578,0.0
763,40.1512565612793,-14.195990562438965,0.0
764,33.09774398803711,-30.66920280456543,0.0
765,-12.242050170898438,-29.323543548583984,0.0
766,-3.3726701736450195,32.721839904785156,0.0
767,31.69607162475586,-30.236595153808594,0.0
768,46.31414031982422,-12.988869667053223,0.0
769,-3.885280132293701,-34.16122055053711,1.0
770,33.28215408325195,-27.1195125579834,0.0
771,35.78459167480469,8.14011001586914,0.0
772,-3.4274497032165527,22.476808547973633,0.0
773,-11.363178253173828,-9.953920364379883,0.0
774,-16.074010848999023,-16.33863067626953,0.0
775,46.38570785522461,-10.62199592590332,0.0
776,-2.2972097396850586,-34.939266204833984,1.0
777,-3.910553455352783,18.38117027282715,0.0
778,33.95640182495117,-26.898332595825195,0.0
779,-12.633090019226074,22.109947204589844,0.0
780,0.6130447387695312,-36.531402587890625,1.0
781,29.168363571166992,-10.5834321975708,0.0
782,-8.205768585205078,19.706113815307617,0.0
783,-7.352576732635498,-32.213600158691406,1.0
784,-22.408716201782227,11.698114395141602,0.0
785,28.91141128540039,-7.674970626831055,0.0
786,0.6972941160202026,12.460041046142578,0.0
787,-7.375295639038086,5.319244861602783,0.0
788,-9.119723320007324,-4.661574363708496,0.0
789,-11.211146354675293,-3.8140954971313477,0.0
790,12.291049003601074,14.916781425476074,0.0
791,2.212628126144409,31.20183753967285,0.0
792,-8.228515625,-17.98634147644043,0.0
793,35.5685920715332,-1.191622018814087,0.0
794,-13.239502906799316,-20.822025299072266,0.0
795,-22.042640686035156,-6.721640586853027,0.0
796,11.826600074768066,18.569852828979492,0.0
797,-18.36507225036621,-2.1287388801574707,0.0
798,7.168200969696045,20.52558708190918,0.0
799,-10.467848777770996,12.34909439086914,0.0
800,12.135575294494629,24.358882904052734,0.0
801,41.50663757324219,-3.8984315395355225,0.0
802,-14.533245086669922,24.78569984436035,0.0
803,-3.26010799407959,-34.412071228027344,1.0
804,-1.0067849159240723,-37.107601165771484,1.0
805,-16.69782257080078,-2.834125518798828,0.0
806,38.37787628173828,-7.612265586853027,0.0
807,1.345512866973877,12.15396499633789,0.0
808,-21.877422332763672,-13.312873840332031,0.0
809,-10.221501350402832,-4.0655837059021,0.0
810,-2.1392552852630615,21.910503387451172,0.0
811,31.93474578857422,-22.65336036682129,0.0
812,40.03911209106445,2.1255640983581543,0.0
813,-19.482385635375977,14.483316421508789,0.0
814,-7.59964656829834,35.51549530029297,0.0
815,-4.544844150543213,-2.1312572956085205,0.0
816,-10.613300323486328,-17.729190826416016,0.0
817,-19.48141860961914,-9.930277824401855,0.0
818,37.647010803222656,-3.0704469680786133,0.0
819,-4.918692588806152,37.429222106933594,0.0
820,-19.49470329284668,-3.7704408168792725,0.0
821,-7.696536540985107,-31.967979431152344,1.0
822,32.24393844604492,-31.132904052734375,0.0
823,32.190738677978516,0.9375821352005005,0.0
824,1.762585163116455,27.115461349487305,0.0
825,12.163239479064941,23.80226707458496,0.0
826,-18.738025665283203,18.60384178161621,0.0
827,-21.47297477722168,-13.590263366699219,0.0
828,-19.32236099243164,-17.83435821533203,0.0
829,39.173377990722656,-1.830423355102539,0.0
830,47.37324523925781,-4.898601055145264,0.0
831,2.538954973220825,38.93744659423828,0.0
832,-16.314910888671875,-8.912714004516602,0.0
833,-13.523763656616211,23.667709350585938,0.0
834,-4.726738929748535,-4.203002452850342,0.0
835,-12.533073425292969,1.6143261194229126,0.0
836,-42.05122756958008,3.412020683288574,0.0
837,-7.991026878356934,-7.868852138519287,0.0
838,1.1820380687713623,38.57927322387695,0.0
839,33.81511306762695,-21.924192428588867,0.0
840,-20.5290584564209,-1.339202880859375,0.0
841,-2.500455379486084,37.681766510009766,0.0
842,-1.302078366279602,34.474422454833984,0.0
843,-5.00885009765625,-4.43853235244751,0.0
844,-0.18153561651706696,11.221590042114258,0.0
845,-0.3456073999404907,-0.0948549434542656,0.0
846,-5.06646728515625,34.140445709228516,0.0
847,3.9701802730560303,-35.46206283569336,1.0
848,-3.9842331409454346,-7.2475152015686035,0.0
849,-3.797478437423706,23.028472900390625,0.0
850,-17.544477462768555,-10.245688438415527,0.0
851,-44.21076202392578,2.706144332885742,0.0
852,-37.497657775878906,8.938161849975586,0.0
853,-1.233388900756836,-40.56310272216797,1.0
854,36.19987869262695,5.509640216827393,0.0
855,-17.836219787597656,-0.520551323890686,0.0
856,-6.641840934753418,25.77798843383789,0.0
857,46.57745361328125,-3.967203140258789,0.0
858,-1.523895502090454,30.533536911010742,0.0
859,-44.31759262084961,5.558509826660156,0.0
860,-17.93284797668457,13.631560325622559,0.0
861,47.53131103515625,-4.949976921081543,0.0
862,5.957818031311035,20.186161041259766,0.0
863,41.51963424682617,-9.633306503295898,0.0
864,-18.786096572875977,-3.101969003677368,0.0
865,2.2748987674713135,-37.18688201904297,1.0
866,-18.663240432739258,2.1766788959503174,0.0
867,-17.654075622558594,-3.6679787635803223,0.0
868,-10.575048446655273,19.177032470703125,0.0
869,-0.3352780342102051,-34.91814422607422,1.0
870,36.53820037841797,-28.148242950439453,0.0
871,-45.064937591552734,-4.24294900894165,0.0
872,36.81203842163086,0.4221697747707367,0.0
873,-8.493379592895508,0.15578262507915497,0.0
874,38.8221321105957,-15.572525978088379,0.0
875,-18.573745727539062,-13.829610824584961,0.0
876,-40.775177001953125,8.838632583618164,0.0
877,-12.161442756652832,21.440528869628906,0.0
878,41.55360412597656,-7.902885913848877,0.0
879,-1.0739306211471558,1.1249030828475952,0.0
880,5.126592636108398,24.626392364501953,0.0
881,-2.6408326625823975,14.395088195800781,0.0
882,0.6659928560256958,-35.698707580566406,1.0
883,-39.424583435058594,4.638988494873047,0.0
884,39.21110534667969,-15.461297988891602,0.0
885,-2.954456090927124,32.299110412597656,0.0
886,3.2535834312438965,-37.86286544799805,1.0
887,-0.8426936268806458,29.695205688476562,0.0
888,-7.633754253387451,14.447406768798828,0.0
889,32.86555480957031,-25.53533935546875,0.0
890,-11.247347831726074,-28.985553741455078,0.0
891,-15.345813751220703,-8.70412540435791,0.0
892,33.45835494995117,11.0233793258667,0.0
893,9.685853004455566,17.868070602416992,0.0
894,8.996749877929688,15.751249313354492,0.0
895,-9.133468627929688,23.677255630493164,0.0
896,31.706335067749023,-24.196063995361328,0.0
897,-42.749454498291016,0.58970046043396,0.0
898,-37.52164077758789,5.524156093597412,0.0
899,31.72357749938965,-28.743101119995117,0.0
900,-45.68912124633789,-1.083054780960083,0.0
901,6.855098724365234,20.22446632385254,0.0
902,0.9109870195388794,-42.04737854003906,1.0
903,-12.938323020935059,-5.8196539878845215,0.0
904,-12.99046516418457,-7.578087329864502,0.0
905,-43.81535339355469,0.6217820644378662,0.0
906,-40.26878356933594,4.641125679016113,0.0
907,-21.47799301147461,14.16174030303955,0.0
908,33.47069549560547,-10.485602378845215,0.0
909,-9.003448486328125,24.275339126586914,0.0
910,39.21538162231445,5.130532741546631,0.0
911,44.4932861328125,-1.136025309562683,0.0
912,4.610268592834473,29.933958053588867,0.0
913,-8.792319297790527,-10.785213470458984,0.0
914,30.540081024169922,-7.465017795562744,0.0
915,-5.305996894836426,-33.88711166381836,1.0
916,-1.1011686325073242,37.9159049987793,0.0
917,46.25724411010742,-13.494518280029297,0.0
918,37.75860595703125,-28.338565826416016,0.0
919,39.530513763427734,-2.1478235721588135,0.0
920,36.5318489074707,-12.974127769470215,0.0
921,-15.066573143005371,23.83182716369629,0.0
922,1.9588984251022339,26.475215911865234,0.0
923,-10.74337100982666,-18.0109806060791,0.0
924,-16.75678253173828,-19.781003952026367,0.0
925,-7.418056488037109,-7.106770038604736,0.0
926,-13.532659530639648,-19.78008270263672,0.0
927,44.83433532714844,-12.80657958984375,0.0
928,-7.858460426330566,0.25985774397850037,0.0
929,-3.857450485229492,37.05533218383789,0.0
930,3.054128646850586,37.52690505981445,0.0
931,0.3074561357498169,25.827598571777344,0.0
932,30.145671844482422,-6.848191261291504,0.0
933,-9.763185501098633,37.03187561035156,0.0
934,-10.934053421020508,-28.934072494506836,0.0
935,-40.361297607421875,5.9041900634765625,0.0
936,-5.508098125457764,4.625270843505859,0.0
937,8.705280303955078,13.226916313171387,0.0
938,-13.193635940551758,15.673714637756348,0.0
939,-18.875911712646484,22.287208557128906,0.0
940,-44.375484466552734,5.671051502227783,0.0
941,32.03478240966797,-6.368825435638428,0.0
